{"cost_values_MPC": [1887.5619065085598, 1887.6724611538282, 1878.6430655220786, 1858.6571399378834, 1835.577016585619, 1807.9323815007049, 1775.4481168210655, 1742.5411620199218, 1710.431721239838, 1677.8710084763227, 1644.5062879504676, 1611.6315544636213, 1580.5073469467677, 1550.046597734173, 1519.6594771206833, 1488.4602564208292, 1459.0215087208067, 1432.3375904751501, 1400.1601424791963, 1367.2333752687357, 1334.6230120566938, 1302.2773932700218, 1313.8034995351813, 1295.6515408304385, 1278.4104710523316, 1249.123370067461, 1239.4078273384728, 1502.7208549567508, 1494.178884593403, 1488.1593328543029, 1486.8149889549725, 1257.7445086836638, 1258.6946626697932, 1261.177894928412, 1257.9023945363226, 1250.2907703340761, 1239.8188711207367, 1234.3556095549307, 1221.1879436686493, 1213.3742245455417, 1200.2084140143033, 1187.1492158203746, 1175.6989327136305, 1208.7677907262503, 1146.7658941685072, 1146.7553355556024, 1159.5870273654702, 1126.5835683266296, 1109.6714869531932, 1088.3396232819464, 1064.2388608055583, 1038.7313011395684, 1010.6329176240766, 982.8709123009305, 954.9751587051604, 928.2815419171901, 902.6322348422916, 877.232722102519, 851.82116650402, 826.9351428135311, 802.372537223673, 778.1644309785383, 754.3122767647997, 730.8848965687175, 707.8173532078805, 685.1024239212628, 662.7464527634015, 640.8175388243961], "T_MPC": [13.607389688491821, 13.715002059936523, 13.829169750213623, 13.919357776641846, 14.030723333358765, 14.122445106506348, 14.224758386611938, 14.324615955352783, 14.430912733078003, 14.523884296417236, 14.633342027664185, 14.733203411102295, 14.832260608673096, 14.949187278747559, 15.046411752700806, 15.117496252059937, 15.234438419342041, 15.31997013092041, 15.424954414367676, 15.52983021736145, 15.627933979034424, 15.725604057312012, 15.908670902252197, 15.945331335067749, 16.04503631591797, 16.14857506752014, 16.239495038986206, 16.336390733718872, 16.457956075668335, 16.549979209899902, 16.657902240753174, 16.764556884765625, 16.87987208366394, 16.961950302124023, 17.058353662490845, 17.16434407234192, 17.256714582443237, 17.34962511062622, 17.467661380767822, 17.57041358947754, 17.66452431678772, 17.78052306175232, 17.887547969818115, 17.98139500617981, 18.08079218864441, 18.16597056388855, 18.27581763267517, 18.367554903030396, 18.46340799331665, 18.564838409423828, 18.662946224212646, 18.762080192565918, 18.866396188735962, 18.961366653442383, 19.064759254455566, 19.164448499679565, 19.258974313735962, 19.358837604522705, 19.456536531448364, 19.55802297592163, 19.666906118392944, 19.777623653411865, 19.878780364990234, 19.97246241569519, 20.07335376739502, 20.180135250091553, 20.276731491088867, 20.373464584350586]}