{"v_MPC": [-0.2500000099696645, -0.25000000996966987, -0.2500000099696082, -0.2500000099694733, -0.25000000996938904, -0.25000000996963584, -0.25000000997033645, -0.25000000997108973, -0.250000009971823, -0.2500000099724852, -0.250000009972877, -0.2500000099730989, -0.25000000999030825, -0.2500000099904814, -0.25000000999076494, -0.25000000997534266, -0.2500000099730759, -0.25000000997154587, -0.25000000997159844, -0.250000009971672, -0.25000000997192384, -0.2500000099720905, -0.2500000093262173, 0.16196373402958247, 0.2500000099565932, 0.2500000099579603, 0.2500000099695119, 0.25000000995924343, 0.25000000997035, 0.1586016229400907, 0.10427821060122693, 0.2500000099661692, 0.21649144116080038, 0.11026206499652179, -0.03970697200708656, -0.16562145169846612, -0.25000000998966415, -0.2500000099715353, -0.25000000997153815, -0.16923946488284966, -0.09543413474056192, -0.04457418230907124, -0.00480270128059967, 0.11118817710855912, -0.2500000097665028, -0.24303180220463236, -0.23680996575400004, -0.25000000997140953, -0.25000000997134864, -0.25000000997131566, -0.25000000998958893, -0.2500000099712456, -0.25000000997119715, -0.2500000099711442, -0.2500000099710886, -0.25000000997103317, -0.2500000099709772, -0.25000000997091937, -0.25000000997085886, -0.25000000997079674, -0.25000000997073246, -0.250000009970666, -0.25000000997059735, -0.2500000099705265, -0.25000000997045324, -0.25000000997011773, -0.25000000996960103, -0.25000000996906735], "w_MPC": [-0.785398166606423, -0.7853981665500303, -0.7853981668210348, -0.7853981676531286, -0.7853981680472196, -0.7853981662332905, -0.7853981514719668, -0.6924750265789051, -0.3222007720512406, -0.06349912150832102, -0.06680994849981332, -0.23858836763318134, -0.47414052233422693, -0.5316867598616127, -0.24877676472457544, 0.7749563103546256, 0.7853981724838643, 0.7853981727106432, 0.7853981724477808, 0.7853981719457463, 0.7853981703277059, 0.7853981589579803, -0.6180524518605588, -0.7722014602282057, -0.7853981730632977, -0.7853981730633103, -0.7853981732857204, 0.0050002586758781595, 0.0012907638870806905, 0.0008573610679673513, 0.012160017463653429, -0.7853981733736151, -0.7853981733194348, -0.7853981733164712, -0.7853981733199982, -0.7853981732865839, -0.7853981725818036, -0.7853981705872276, -0.7853981704405839, -0.7853981732774299, -0.7853981733083091, -0.7853981732218366, -0.7853981732934292, -0.7508899885672535, -0.6500627349176673, -0.5792756524086282, -0.4411778023886279, 0.7398866177465343, 0.7853981511922772, 0.7853981582619555, 0.7853981582822066, 0.5007479271543794, 0.017669938102784697, -0.25952725225106704, -0.24699464811621907, -0.07409589182673246, 0.0537859513068994, 0.07064722999045986, 0.022005523238642855, -0.013125175915120283, -0.012955752420334145, -0.003464582973014395, 0.0015890595736760998, 0.0015614409231790112, 0.00036325748082830254, -0.0003471677377156869, -0.0003246336163384014, -0.0006678067646201163], "T_MPC": [13.607389688491821, 13.715002059936523, 13.829169750213623, 13.919357776641846, 14.030723333358765, 14.122445106506348, 14.224758386611938, 14.324615955352783, 14.430912733078003, 14.523884296417236, 14.633342027664185, 14.733203411102295, 14.832260608673096, 14.949187278747559, 15.046411752700806, 15.117496252059937, 15.234438419342041, 15.31997013092041, 15.424954414367676, 15.52983021736145, 15.627933979034424, 15.725604057312012, 15.908670902252197, 15.945331335067749, 16.04503631591797, 16.14857506752014, 16.239495038986206, 16.336390733718872, 16.457956075668335, 16.549979209899902, 16.657902240753174, 16.764556884765625, 16.87987208366394, 16.961950302124023, 17.058353662490845, 17.16434407234192, 17.256714582443237, 17.34962511062622, 17.467661380767822, 17.57041358947754, 17.66452431678772, 17.78052306175232, 17.887547969818115, 17.98139500617981, 18.08079218864441, 18.16597056388855, 18.27581763267517, 18.367554903030396, 18.46340799331665, 18.564838409423828, 18.662946224212646, 18.762080192565918, 18.866396188735962, 18.961366653442383, 19.064759254455566, 19.164448499679565, 19.258974313735962, 19.358837604522705, 19.456536531448364, 19.55802297592163, 19.666906118392944, 19.777623653411865, 19.878780364990234, 19.97246241569519, 20.07335376739502, 20.180135250091553, 20.276731491088867, 20.373464584350586]}