{"t_path_MPC": [0.02005600929260254, 0.025788068771362305, 0.034102678298950195, 0.024007320404052734, 0.03492569923400879, 0.024933815002441406, 0.02884960174560547, 0.029407739639282227, 0.030026674270629883, 0.023606061935424805, 0.029415130615234375, 0.029741525650024414, 0.031061410903930664, 0.04181790351867676, 0.04336404800415039, 0.01794290542602539, 0.025518417358398438, 0.014980792999267578, 0.02156662940979004, 0.022317886352539062, 0.022141218185424805, 0.01714468002319336, 0.10056161880493164, 0.032475948333740234, 0.03589224815368652, 0.031008481979370117, 0.02550363540649414, 0.02527308464050293, 0.024801254272460938, 0.026552915573120117, 0.028580427169799805, 0.04761052131652832, 0.05418515205383301, 0.030596494674682617, 0.03313612937927246, 0.04198193550109863, 0.03187441825866699, 0.02438068389892578, 0.0374295711517334, 0.04043745994567871, 0.03799772262573242, 0.04983329772949219, 0.05349588394165039, 0.03721213340759277, 0.03757357597351074, 0.029796838760375977, 0.030031442642211914, 0.016071557998657227, 0.01989150047302246, 0.017130374908447266, 0.014627933502197266, 0.015562772750854492, 0.01706862449645996, 0.014023780822753906, 0.015067815780639648, 0.017214298248291016, 0.012940645217895508, 0.012252092361450195, 0.012885093688964844, 0.015011072158813477, 0.015254735946655273, 0.012171745300292969, 0.017979860305786133, 0.014643192291259766, 0.014921188354492188, 0.016032934188842773, 0.015256166458129883, 0.014245748519897461], "T_MPC": [13.607389688491821, 13.715002059936523, 13.829169750213623, 13.919357776641846, 14.030723333358765, 14.122445106506348, 14.224758386611938, 14.324615955352783, 14.430912733078003, 14.523884296417236, 14.633342027664185, 14.733203411102295, 14.832260608673096, 14.949187278747559, 15.046411752700806, 15.117496252059937, 15.234438419342041, 15.31997013092041, 15.424954414367676, 15.52983021736145, 15.627933979034424, 15.725604057312012, 15.908670902252197, 15.945331335067749, 16.04503631591797, 16.14857506752014, 16.239495038986206, 16.336390733718872, 16.457956075668335, 16.549979209899902, 16.657902240753174, 16.764556884765625, 16.87987208366394, 16.961950302124023, 17.058353662490845, 17.16434407234192, 17.256714582443237, 17.34962511062622, 17.467661380767822, 17.57041358947754, 17.66452431678772, 17.78052306175232, 17.887547969818115, 17.98139500617981, 18.08079218864441, 18.16597056388855, 18.27581763267517, 18.367554903030396, 18.46340799331665, 18.564838409423828, 18.662946224212646, 18.762080192565918, 18.866396188735962, 18.961366653442383, 19.064759254455566, 19.164448499679565, 19.258974313735962, 19.358837604522705, 19.456536531448364, 19.55802297592163, 19.666906118392944, 19.777623653411865, 19.878780364990234, 19.97246241569519, 20.07335376739502, 20.180135250091553, 20.276731491088867, 20.373464584350586]}