{"x_path_MPC": [1.5608278993367914, 1.5607989427368454, 1.564575520164201, 1.5682255582942621, 1.5744733975189882, 1.5825675056679582, 1.5935197498799232, 1.6064079071172745, 1.6206086495075587, 1.6363839161787168, 1.653335916766814, 1.6703747864042209, 1.6867096475055028, 1.7086903272349876, 1.72608854285713, 1.738303269837058, 1.7568321072861044, 1.7733287287816608, 1.7913625984936483, 1.808535080723462, 1.8242138208689866, 1.838112600885368, 1.8540019098650364, 1.863736241390192, 1.8711804059762096, 1.8745284166755671, 1.8778942437471593, 1.879537195904299, 1.8798450397775313, 1.8799512624468935, 1.8816108281851076, 1.8834156389755174, 1.8849641819068748, 1.8865320090112256, 1.8875376150390628, 1.8882404890039144, 1.8882075108886431, 1.8880604832764398, 1.8876697787948722, 1.88734155183539, 1.887435133207095, 1.888058539973892, 1.8891346711617178, 1.8902641669824487, 1.8907432252826533, 1.8903216981086888, 1.8899345911013072, 1.892417181114981, 1.8984924912887944, 1.9066770151702184, 1.9154809307183875, 1.9237894168580325, 1.9315126414349828, 1.9380544424064856, 1.9443360083177887, 1.950769561790951, 1.9575742901076032, 1.9646183536009747, 1.9716881430620392, 1.978565928358442, 1.9854069197696715, 1.9922792176615547, 1.9991824947880725, 2.0060795198663746, 2.0129761163668767, 2.0198759818489904, 2.026779737641005, 2.033668518698426], "y_path_MPC": [-0.06076341066359558, -0.06084325687870749, -0.05071843967704864, -0.04113312684923515, -0.02549701195427127, -0.007087924156277068, 0.013875136485698485, 0.03442188077174316, 0.053674329739249835, 0.07241837959867521, 0.09117570080910602, 0.10954423641089585, 0.12694185875415076, 0.1494075841665482, 0.16567865440216842, 0.17621133512120254, 0.1914905297903236, 0.20553002543288554, 0.22286333143927375, 0.24195147739757597, 0.26227023503954516, 0.2838722844898225, 0.31438167921850485, 0.33815641015689984, 0.36044406847750543, 0.372103411701652, 0.3861769991770146, 0.39589321748275175, 0.3987738334979561, 0.393096866617482, 0.3753605476534573, 0.3602971527063103, 0.3482148076770685, 0.33661267832567415, 0.328917001403727, 0.32287221970443025, 0.3234790942480911, 0.32776382281329464, 0.3436951260860364, 0.3591762275654305, 0.37695547652313577, 0.3919750311412778, 0.404538055690791, 0.4130950058081102, 0.41586769471675566, 0.41393889616155966, 0.4123122011452128, 0.41909643978532746, 0.43287878384951584, 0.4499650875551554, 0.4693596615770025, 0.4905174366073361, 0.5147086665151149, 0.5393738660742583, 0.5646053270630133, 0.5889903818706088, 0.6126177480296386, 0.6362927651240973, 0.6603495620853101, 0.6843069942944234, 0.7083276815498104, 0.7323607424829326, 0.7564057768549647, 0.7803975319046336, 0.8044053877009963, 0.8284374213819528, 0.8524872794994914, 0.8764800117755412], "theta_path_MPC": [-1.9221721322901606, -1.922658214054435, -1.9309612719984806, -1.9398301538273581, -1.9626906705305822, -2.011377175459802, -2.0915328108916666, -2.1697748884519927, -2.2394098739543793, -2.2920303996201112, -2.31477967661003, -2.3220406275748067, -2.328094123039189, -2.3677402782481014, -2.413301801899613, -2.4430372533917493, -2.453221906131214, -2.412276234844566, -2.33857056034683, -2.2603041029843203, -2.1819884611802443, -2.1036438346496924, -1.9988292558268828, -1.920607066311742, -1.8660100714640075, -1.8315699269233847, -1.7716363194610563, -1.694314568545891, -1.606708784976797, -1.5211822107693083, -1.4546270963891093, -1.4474436361355512, -1.4389596597601768, -1.4356831284395968, -1.446477752110646, -1.4853250505953992, -1.5199274436144712, -1.5429149123913444, -1.5451786437727966, -1.5580764095982464, -1.5927585394324666, -1.6331727462544336, -1.6803527673107534, -1.7265411288640737, -1.7710328252544756, -1.8016293998859356, -1.875761341906344, -1.9495405416743867, -2.010515877432199, -2.0156202405348145, -1.9735639990627578, -1.9145485636878208, -1.8518791464913695, -1.8161977317878817, -1.818190558965711, -1.8409097758664916, -1.8575836713993157, -1.8596911527819626, -1.8532466333157378, -1.8486274540724534, -1.8486733480199184, -1.8499405313342603, -1.8506112911541546, -1.8506040108282829, -1.850442846042898, -1.8503480891677941, -1.850352062813901, -1.850305898457217], "T_MPC": [13.607389688491821, 13.715002059936523, 13.829169750213623, 13.919357776641846, 14.030723333358765, 14.122445106506348, 14.224758386611938, 14.324615955352783, 14.430912733078003, 14.523884296417236, 14.633342027664185, 14.733203411102295, 14.832260608673096, 14.949187278747559, 15.046411752700806, 15.117496252059937, 15.234438419342041, 15.31997013092041, 15.424954414367676, 15.52983021736145, 15.627933979034424, 15.725604057312012, 15.908670902252197, 15.945331335067749, 16.04503631591797, 16.14857506752014, 16.239495038986206, 16.336390733718872, 16.457956075668335, 16.549979209899902, 16.657902240753174, 16.764556884765625, 16.87987208366394, 16.961950302124023, 17.058353662490845, 17.16434407234192, 17.256714582443237, 17.34962511062622, 17.467661380767822, 17.57041358947754, 17.66452431678772, 17.78052306175232, 17.887547969818115, 17.98139500617981, 18.08079218864441, 18.16597056388855, 18.27581763267517, 18.367554903030396, 18.46340799331665, 18.564838409423828, 18.662946224212646, 18.762080192565918, 18.866396188735962, 18.961366653442383, 19.064759254455566, 19.164448499679565, 19.258974313735962, 19.358837604522705, 19.456536531448364, 19.55802297592163, 19.666906118392944, 19.777623653411865, 19.878780364990234, 19.97246241569519, 20.07335376739502, 20.180135250091553, 20.276731491088867, 20.373464584350586]}